{"OSPath":"C:\\Users\\Public\\evil.exe","Inode":null,"Mode":"-rw-rw-rw-","Size":360448,"MTime":"2025-07-15T04:44:23.141132Z","ATime":"2025-07-22T08:00:16.0506389Z","CTime":"2025-07-15T04:44:23.141132Z","BTime":"2025-07-22T02:38:50.3829315Z","Keywords":"","IsDir":false,"Upload":null,"Hash":{"MD5":"7d02feb3b0deb79d6d61b2f89fe7f1d6","SHA1":"f75c9a7c6c1d31eda90cdc271dc8d4db2ec12ac9","SHA256":"b862fd21ab3c38f7aabb3f41b8b6845d14692cd4273edc9dfec7b555e2c6b505"},"Data":{},"FlowId":"F.D1VQMR6JS3UJ8.H","ClientId":"C.951b48c71feb00ea","Fqdn":"windows-wazuh-a"}
