{
 "client_id": "C.951b48c71feb00ea",
 "hostname": "windows-wazuh-a",
 "fqdn": "windows-wazuh-a",
 "system": "windows",
 "release": "Microsoft Windows 11 Enterprise Evaluation24H2",
 "architecture": "amd64",
 "ip_address": "192.168.1.197:56154",
 "ping": 1753197442146519,
 "client_version": "0.74.5",
 "client_name": "velociraptor",
 "first_seen_at": 1753130821,
 "build_time": "2025-07-03T16:15:07Z",
 "mac_addresses": [
  "08:00:27:38:bd:a1",
  "08:00:27:ce:68:f5",
  "08:00:27:89:c5:4c"
 ],
 "last_interrogate_flow_id": "F.D1VAEH80FJ1MK",
 "last_interrogate_artifact_name": "Generic.Client.Info/BasicInformation",
 "last_hunt_timestamp": 1753197420387539,
 "last_event_table_version": 1753157055341198161
}