{"client_time":1753211810,"level":"INFO","message":"Starting query execution for Windows.Search.FileFinder.\n"}
{"client_time":1753211816,"level":"DEFAULT","message":"Windows.Search.FileFinder: Time 3: Windows.Search.FileFinder: Sending response part 0 470 B (1 rows)."}
{"client_time":1753211816,"level":"INFO","message":"Collection Windows.Search.FileFinder is done after 7.1597249s\n"}
{"client_time":1753211816,"level":"DEBUG","message":"Query Stats: {\"RowsScanned\":10,\"PluginsCalled\":9,\"FunctionsCalled\":12,\"ProtocolSearch\":184,\"ScopeCopy\":31}\n"}
