{
 "items": [
  {
   "session_id": "F.D1VQMR6JS3UJ8.H",
   "request_id": 1,
   "FlowRequest": {
    "VQLClientActions": [
     {
      "query_id": 1,
      "total_queries": 1,
      "precondition": "\nSELECT * FROM info() where OS = 'windows'\n",
      "env": [
       {
        "key": "SearchFilesGlobTable",
        "value": "Glob\nC:/Users/Public/evil.exe\n"
       },
       {
        "key": "Accessor",
        "value": "auto"
       },
       {
        "key": "YaraRule"
       },
       {
        "key": "Upload_File",
        "value": "N"
       },
       {
        "key": "Calculate_Hash",
        "value": "Y"
       },
       {
        "key": "MoreRecentThan"
       },
       {
        "key": "ModifiedBefore"
       },
       {
        "key": "VSS_MAX_AGE_DAYS"
       }
      ],
      "Query": [
       {
        "VQL": "LET SearchFilesGlobTable \u003c= SELECT * FROM if(condition=format(format=\"%T\", args=SearchFilesGlobTable) =~ \"string\", then={ SELECT * FROM parse_csv(filename=SearchFilesGlobTable, accessor='data') }, else=SearchFilesGlobTable)"
       },
       {
        "VQL": "LET Upload_File \u003c= get(field='Upload_File') = TRUE OR get(field='Upload_File') =~ '^(Y|TRUE|YES|OK)$'"
       },
       {
        "VQL": "LET Calculate_Hash \u003c= get(field='Calculate_Hash') = TRUE OR get(field='Calculate_Hash') =~ '^(Y|TRUE|YES|OK)$'"
       },
       {
        "VQL": "LET MoreRecentThan \u003c= timestamp(epoch=MoreRecentThan)"
       },
       {
        "VQL": "LET ModifiedBefore \u003c= timestamp(epoch=ModifiedBefore)"
       },
       {
        "VQL": "LET VSS_MAX_AGE_DAYS \u003c= int(int=VSS_MAX_AGE_DAYS)"
       },
       {
        "VQL": "LET precondition_Windows_Search_FileFinder_0 = SELECT * FROM info() WHERE OS = 'windows'"
       },
       {
        "VQL": "LET file_search = SELECT OSPath, get(item=Data, field=\"mft\") AS Inode, Mode.String AS Mode, Size, Mtime AS MTime, Atime AS ATime, Btime AS BTime, Ctime AS CTime, \"\" AS Keywords, IsDir, Data FROM glob(globs=SearchFilesGlobTable.Glob, accessor=Accessor)"
       },
       {
        "VQL": "LET more_recent = SELECT * FROM if(condition=MoreRecentThan, then={ SELECT * FROM file_search WHERE MTime \u003e MoreRecentThan }, else=file_search)"
       },
       {
        "VQL": "LET modified_before = SELECT * FROM if(condition=ModifiedBefore, then={ SELECT * FROM more_recent WHERE MTime \u003c ModifiedBefore  AND MTime \u003e MoreRecentThan }, else=more_recent)"
       },
       {
        "VQL": "LET keyword_search = SELECT * FROM if(condition=YaraRule, then={ SELECT * FROM foreach(row={ SELECT * FROM modified_before WHERE NOT IsDir }, query={ SELECT OSPath, Inode, Mode, Size, MTime, ATime, CTime, BTime, str(str=String.Data) AS Keywords, IsDir, Data FROM yara(files=OSPath, key=\"A\", rules=YaraRule, accessor=Accessor) }) }, else=modified_before)"
       },
       {
        "VQL": "LET Windows_Search_FileFinder_0_4 = SELECT OSPath, Inode, Mode, Size, MTime, ATime, CTime, BTime, Keywords, IsDir, if(condition=Upload_File  and NOT IsDir, then=upload(file=OSPath, accessor=Accessor)) AS Upload, if(condition=Calculate_Hash  and NOT IsDir, then=hash(path=OSPath, accessor=Accessor)) AS Hash, Data FROM keyword_search"
       },
       {
        "Name": "$1115e149d3cabc9e88fce3d4df8d7158b112bba2c1e320b7dc8de20ba386ea12",
        "VQL": "SELECT * FROM if(then=Windows_Search_FileFinder_0_4, condition=precondition_Windows_Search_FileFinder_0, else={ SELECT * FROM scope() WHERE log(message='Query skipped due to precondition')  AND FALSE })"
       }
      ],
      "max_row": 1000
     }
    ],
    "log_batch_time": 2000
   }
  }
 ]
}